{"cameraMode":{"drawMode":0,"name":"Shaded","section":"Shading Mode"},"sceneLighting":true,"audioPlay":false,"sceneViewState":{"m_AlwaysRefresh":false,"showFog":true,"showSkybox":true,"showFlares":true,"showImageEffects":true,"showParticleSystems":true,"showVisualEffectGraphs":true,"m_FxEnabled":true},"in2DMode":false,"pivot":{"x":-1.202419400215149,"y":2.3080382347106935,"z":11.495857238769532},"rotation":{"x":-0.2713596820831299,"y":-0.008088290691375733,"z":0.0022774154786020519,"w":-0.9624642133712769},"size":15.501736640930176,"orthographic":true}